{"chunk_definitions":[{"chunk_id":"c6gim6bz9n679","chunk_label":"unnamed-chunk-1","document_id":"D3AC7B0A","expansion_state":0,"options":{"engine":"r","label":"unnamed-chunk-87","message":false,"warning":false},"row":18,"row_count":1,"visible":true},{"chunk_id":"coxj2fgwegav5","chunk_label":"unnamed-chunk-2","document_id":"D3AC7B0A","expansion_state":0,"options":{"engine":"r","label":"unnamed-chunk-98"},"row":83,"row_count":1,"visible":true},{"chunk_id":"cxsljquqiu72f","chunk_label":"unnamed-chunk-3","document_id":"D3AC7B0A","expansion_state":0,"options":{"engine":"r","label":"unnamed-chunk-101"},"row":89,"row_count":1,"visible":true},{"chunk_id":"cyomc3txc3cbc","chunk_label":"unnamed-chunk-4","document_id":"D3AC7B0A","expansion_state":0,"options":{"engine":"r","label":"unnamed-chunk-102"},"row":201,"row_count":1,"visible":true},{"chunk_id":"czqxgjo60p5kf","chunk_label":"unnamed-chunk-5","document_id":"D3AC7B0A","expansion_state":0,"options":{"engine":"r","label":"unnamed-chunk-103"},"row":209,"row_count":1,"visible":true},{"chunk_id":"cy2dipkkokn42","chunk_label":"unnamed-chunk-7","document_id":"D3AC7B0A","expansion_state":0,"options":{"engine":"r","label":"unnamed-chunk-18"},"row":281,"row_count":1,"visible":true},{"chunk_id":"c96ls9oy16cst","chunk_label":"unnamed-chunk-8","document_id":"D3AC7B0A","expansion_state":0,"options":{"engine":"r","label":"unnamed-chunk-82"},"row":407,"row_count":1,"visible":true},{"chunk_id":"ciu6mssqme4rh","chunk_label":"unnamed-chunk-9","document_id":"D3AC7B0A","expansion_state":0,"options":{"engine":"r","label":"unnamed-chunk-84"},"row":412,"row_count":1,"visible":true}],"doc_write_time":1582709994}