{"chunk_definitions":[{"chunk_id":"c6gim6bz9n679","chunk_label":"unnamed-chunk-1","document_id":"D3AC7B0A","expansion_state":0,"options":{"engine":"r","label":"unnamed-chunk-17","message":false,"warning":false},"row":14,"row_count":1,"visible":true},{"chunk_id":"cj6a3p3f3lbrx","chunk_label":"unnamed-chunk-2","document_id":"D3AC7B0A","expansion_state":0,"options":{"engine":"r","label":"unnamed-chunk-18"},"row":20,"row_count":1,"visible":true},{"chunk_id":"coxj2fgwegav5","chunk_label":"unnamed-chunk-3","document_id":"D3AC7B0A","expansion_state":0,"options":{"engine":"r","label":"unnamed-chunk-37"},"row":79,"row_count":1,"visible":true},{"chunk_id":"c1hmkhemymppe","chunk_label":"unnamed-chunk-4","document_id":"D3AC7B0A","expansion_state":0,"options":{"engine":"r","label":"unnamed-chunk-42"},"row":85,"row_count":1,"visible":true},{"chunk_id":"cosh7fwfewhug","chunk_label":"unnamed-chunk-6","document_id":"D3AC7B0A","expansion_state":0,"options":{"engine":"r","label":"unnamed-chunk-56"},"row":283,"row_count":1,"visible":true},{"chunk_id":"cp559zygaxs96","chunk_label":"unnamed-chunk-7","document_id":"D3AC7B0A","expansion_state":0,"options":{"engine":"r","label":"unnamed-chunk-57"},"row":291,"row_count":1,"visible":true},{"chunk_id":"ca2tu39u8ztma","chunk_label":"unnamed-chunk-8","document_id":"D3AC7B0A","expansion_state":0,"options":{"engine":"r","label":"unnamed-chunk-70"},"row":308,"row_count":1,"visible":true}],"doc_write_time":1582128732}