"0","# vector to save outputs in:"
"0","lhs <- rep(0, nrow(train.partable))"
"0","rhs <- rep(0, nrow(train.partable))"
"0","line <- rep(0, nrow(train.partable))"
"0","for (i in 1:nrow(train.partable)) {"
"0","  lhs[i] <- paste(train.partable[i, 1], train.partable[i, 2])"
"0","  rhs[i] <- paste(train.partable[i, 4], train.partable[i, 3], sep = ""*"")"
"0","  line <- paste(lhs, rhs, sep = "" "")"
"0","  "
"0","  # ff.model <- paste(line, collapse = "" "")"
"0","  "
"0","  # for (i in 1:nrow(train.partable)) {"
"0","  #   fix.model <- c(line[i], sep = ""\n "")"
"0","  # }"
"0","  "
"0","  # Trying manually:"
"0","  ff.model <- paste(line[2], line[3], line[4], line[5], line[6], line[8], line[9], line[10], line[11], line[12], line[13], line[14], line[15], sep = ""\n "")"
"0","}"
"0","ff.model"
"1","[1]"
"1"," ""visual =~ 0.428432307554234*x2\n visual =~ 0.630321202776423*x3\n textual =~ 1*x4\n textual =~ 1.21288282864348*x5\n textual =~ 0.934866057683904*x6\n x2 ~~ 1.1944942987451*x2\n x3 ~~ 0.937874865162599*x3\n x4 ~~ 0.43043571883132*x4\n x5 ~~ 0.44612769052671*x5\n x6 ~~ 0.322064120253025*x6\n visual ~~ 0.962068730697178*visual\n textual ~~ 0.88645633947839*textual\n visual ~~ 0.428248845693347*textual"""
"1","
"
"0","lavaan::cfa(ff.model, trainHS)"
"1","lavaan 0.6-5 "
"1","did not run (perhaps do.fit = FALSE)?
"
"1","** WARNING ** Estimates below are simply the starting values
"
"1","
"
"1","  "
"1","Estimator                               "
"1"," "
"1","         ML"
"1","
"
"1","  "
"1","Optimization method                     "
"1"," "
"1","     NLMINB"
"1","
"
"1","  "
"1","Number of free parameters               "
"1"," "
"1","          0"
"1","
"
"1","  "
"1","                                        "
"1"," "
"1","           "
"1","
"
"1","  "
"1","Number of observations                     "
"1"," "
"1","     211"
"1","
"
"1","  "
"1","                                           "
"1"," "
"1","        "
"1","
"
"1","Model Test User Model:
"
"1","  "
"1","                                           "
"1"," "
"1","        "
"1","
"
"1","  "
"1","Test statistic                             "
"1"," "
"1","      NA"
"1","
"
"1","  "
"1","Degrees of freedom                         "
"1"," "
"1","      NA"
"1","
"
"0","semPaths(lavaan::cfa(ff.model, HolzingerSwineford1939), ""est"")"
