"0","mi_cv <- function(baseline.model, data, split, ...){"
"0","  "
"0","  # Adding a column to the dataset to allow a train-validation split:"
"0","  data <- data %>% "
"0","    mutate(split = rep(c(""train"", ""test""),"
"0","                       times = c(round(split * nrow(data)), round((1 - split) * nrow(data)))))"
"0","  "
"0","  # Making a separate training set:"
"0","  train <- data %>%"
"0","    filter(split == ""train"") %>% "
"0","    select(-split)"
"0","  "
"0","  # Making a separate test set:"
"0","  test <- data %>%"
"0","    filter(split == ""test"") %>% "
"0","    select(-split)"
"0","  "
"0","  # Saving baseline model as model:"
"0","  model <- baseline.model"
"0","  "
"0","  ## Fitting the baseline model to the training set:"
"0","  fit.train <- lavaan::cfa(model, train, ...)"
"0","  "
"0","  # Obtaining MI values according to the training set:"
"0","  MIs <- lavaan::modindices(fit.train)"
"0","  "
"0","  # Wrangling the MIs:"
"0","  MIs <- MIs %>%"
"0","    arrange(-mi) %>% "
"0","    select(lhs, op, rhs, mi)"
"0","  "
"0","  # Specifying a modification to be added to the model:"
"0","  mod <- paste(MIs[1, 1], MIs[1, 2], MIs[1, 3], sep = "" "")"
"0","  "
"0","  ## Fitting the baseline model to the test set:"
"0","  fit.test.1 <- lavaan::cfa(model, test, ...)"
"0","  "
"0","  "
"0","  # Adding a modification to the model:"
"0","  mod.model <- paste(model, mod, sep = ""\n"")"
"0","  "
"0","  # Find the fit of the modified model on the test set:"
"0","  fit.test.2 <- lavaan::cfa(mod.model, test, ...)"
"0","  "
"0","  # Seeing whether this improves the fit:"
"0","  chisq.diff <- lavaan::lavTestLRT(fit.test.1, fit.test.2)"
"0","  "
"0","  # Assigning whether significantly better or not:"
"0","  ifelse(chisq.diff$`Pr(>Chisq)`[2] < .05, sign <- TRUE, sign <- FALSE)"
"0","  "
"0","  ###################"
"0","  # WHILE FUNCTTION #"
"0","  ###################"
"0","  while(sign == TRUE){"
"0","    "
"0","    # Extracting a modification to be added to the model:"
"0","    mod <- paste(MIs[1, 1], MIs[1, 2], MIs[1, 3], sep = "" "")"
"0","    "
"0","    # Adding modification to the model:"
"0","    model <- paste(model, mod, sep = ""\n"")"
"0","    "
"0","    # Fitting the model to the test set:"
"0","    fit.test.2 <- lavaan::cfa(model, test)"
"0","    "
"0","    # Checking the chisq.diff in the test set:"
"0","    chisq.diff <- lavaan::lavTestLRT(fit.test.1, fit.test.2)"
"0","    "
"0","    # If function to update sign:"
"0","    ifelse(chisq.diff$`Pr(>Chisq)`[2] < .05,"
"0","           sign <- TRUE,"
"0","           sign <- FALSE)"
"0","    "
"0","    # Fitting the model to the train set:"
"0","    fit.train <- lavaan::cfa(model, train)"
"0","    "
"0","    # Obtaining new MI values:"
"0","    MIs <- lavaan::modindices(fit.train)"
"0","    "
"0","    # Wrangling the MIs"
"0","    MIs <- MIs %>%"
"0","      arrange(-mi) %>% "
"0","      select(lhs, op, rhs, mi)"
"0","    "
"0","    # Print the final model"
"0","    print(model)"
"0","    "
"0","  }"
"0","  "
"0","  # Return the baseline model as well (with a label):"
"0","  names(baseline.model) <- c(""Baseline Model"")"
"0","  "
"0","  return(baseline.model)"
"0","  "
"0","}"
