"0","mi_10_whileloop <- function(baseline.model, min.mi = 10, data){"
"0","  "
"0","  # Saving baseline model as model:"
"0","  model <- baseline.model"
"0","  "
"0","  # Fitting the model to the data:"
"0","  fit <- lavaan::cfa(model, data)"
"0","  "
"0","  # Obtaing MI values:"
"0","  MIs <- lavaan::modindices(fit)"
"0","  "
"0","    # Wrangling the MIs:"
"0","    MIs <- MIs %>%"
"0","      arrange(-mi) %>% "
"0","      select(lhs, op, rhs, mi)"
"0","    "
"0","    # Extracting the restricted parameter with the largest MI value:"
"0","    largest.mi <- MIs[1, ]"
"0","    "
"0","    mod <- paste(largest.mi[1, 1], largest.mi[1, 2], largest.mi[1, 3], sep = "" "")"
"0","  "
"0","  while(largest.mi[1, 4] > min.mi) {"
"0","    # Update the model:"
"0","    model <- model"
"0","    "
"0","    #  Fitting model to the data"
"0","    fit <- lavaan::cfa(model, data)"
"0","    # Obtaining MI values:"
"0","    MIs <- MIs"
"0","      # Wrangling the MIs:"
"0","      MIs <- MIs %>%"
"0","        arrange(-mi) %>%"
"0","        select(lhs, op, rhs, mi)"
"0","      "
"0","    # Updating largest.mi:"
"0","    largest.mi <- MIs[1, ]"
"0","    # Extracting the modification to be added to the model:"
"0","    mod <- paste(MIs[1, 1], MIs[1, 2], MIs[1, 3], sep = "" "")"
"0","    # Adding the modification to the model:"
"0","    model <- paste(model, mod, sep = """
"0","                     "")"
"0","      "
"0","    print(model)"
"0","  }"
"0","    "
"0","}"
