{"chunk_definitions":[{"chunk_id":"cif694sgh502d","chunk_label":"unnamed-chunk-1","document_id":"D3AC7B0A","expansion_state":0,"options":{"engine":"r","label":"unnamed-chunk-110"},"row":14,"row_count":1,"visible":true},{"chunk_id":"cj6a3p3f3lbrx","chunk_label":"unnamed-chunk-2","document_id":"D3AC7B0A","expansion_state":0,"options":{"engine":"r","label":"unnamed-chunk-111"},"row":20,"row_count":1,"visible":true},{"chunk_id":"c98kdlcgw5cm2","chunk_label":"unnamed-chunk-3","document_id":"D3AC7B0A","expansion_state":0,"options":{"engine":"r","label":"unnamed-chunk-112"},"row":60,"row_count":1,"visible":true},{"chunk_id":"c4a921r2z6d1q","chunk_label":"unnamed-chunk-4","document_id":"D3AC7B0A","expansion_state":0,"options":{"engine":"r","label":"unnamed-chunk-174"},"row":114,"row_count":1,"visible":true},{"chunk_id":"cp3gxtmn0nxb8","chunk_label":"unnamed-chunk-5","document_id":"D3AC7B0A","expansion_state":0,"options":{"engine":"r","label":"unnamed-chunk-175"},"row":120,"row_count":1,"visible":true},{"chunk_id":"c5aqq7ghwgnwn","chunk_label":"unnamed-chunk-6","document_id":"D3AC7B0A","expansion_state":0,"options":{"engine":"r","label":"unnamed-chunk-173"},"row":133,"row_count":1,"visible":true},{"chunk_id":"c7ekkw5ew1rjp","chunk_label":"unnamed-chunk-7","document_id":"D3AC7B0A","expansion_state":0,"options":{"engine":"r","label":"unnamed-chunk-56"},"row":218,"row_count":1,"visible":true},{"chunk_id":"cbvvwkp8lqfl7","chunk_label":"unnamed-chunk-8","document_id":"D3AC7B0A","expansion_state":0,"options":{"engine":"r","label":"unnamed-chunk-57"},"row":230,"row_count":1,"visible":true}],"chunk_rendered_width":700,"doc_write_time":1581523046}