{"chunk_definitions":[{"chunk_id":"czvrk8i0moc2j","chunk_label":"unnamed-chunk-2","document_id":"6C9B4E4E","expansion_state":0,"options":{"engine":"r","label":"unnamed-chunk-53"},"row":32,"row_count":1,"visible":true},{"chunk_id":"cw9pjdrlueoej","chunk_label":"unnamed-chunk-5","document_id":"6C9B4E4E","expansion_state":0,"options":{"engine":"r","label":"unnamed-chunk-66"},"row":55,"row_count":1,"visible":true},{"chunk_id":"cx6838dsr50y9","chunk_label":"unnamed-chunk-6","document_id":"6C9B4E4E","expansion_state":0,"options":{"engine":"r","label":"unnamed-chunk-11"},"row":72,"row_count":1,"visible":true},{"chunk_id":"cfqaljij5fs4b","chunk_label":"unnamed-chunk-13","document_id":"6C9B4E4E","expansion_state":0,"options":{"engine":"r","label":"unnamed-chunk-177"},"row":148,"row_count":1,"visible":true}],"chunk_rendered_width":700,"doc_write_time":1582302305}