{"chunk_definitions":[{"chunk_id":"ce3ugi1mttluu","chunk_label":"unnamed-chunk-1","document_id":"6C9B4E4E","expansion_state":0,"options":{"engine":"r","label":"unnamed-chunk-80"},"row":16,"row_count":1,"visible":true},{"chunk_id":"czc0kimxdwcso","chunk_label":"unnamed-chunk-2","document_id":"6C9B4E4E","expansion_state":0,"options":{"engine":"r","label":"unnamed-chunk-33"},"row":41,"row_count":1,"visible":true},{"chunk_id":"cemerzekts0li","chunk_label":"unnamed-chunk-3","document_id":"6C9B4E4E","expansion_state":0,"options":{"engine":"r","label":"unnamed-chunk-189"},"row":46,"row_count":1,"visible":true},{"chunk_id":"cw9pjdrlueoej","chunk_label":"unnamed-chunk-5","document_id":"6C9B4E4E","expansion_state":0,"options":{"engine":"r","label":"unnamed-chunk-66"},"row":64,"row_count":1,"visible":true},{"chunk_id":"cfrhtrd1b611z","chunk_label":"unnamed-chunk-7","document_id":"6C9B4E4E","expansion_state":0,"options":{"engine":"r","label":"unnamed-chunk-107"},"row":87,"row_count":1,"visible":true},{"chunk_id":"crpzwzy17vqxx","chunk_label":"unnamed-chunk-8","document_id":"6C9B4E4E","expansion_state":0,"options":{"engine":"r","label":"unnamed-chunk-118"},"row":93,"row_count":1,"visible":true},{"chunk_id":"ckhj7qr0fw3rg","chunk_label":"unnamed-chunk-10","document_id":"6C9B4E4E","expansion_state":0,"options":{"engine":"r","label":"unnamed-chunk-98"},"row":113,"row_count":1,"visible":true},{"chunk_id":"cx3zt2xud3iw8","chunk_label":"unnamed-chunk-11","document_id":"6C9B4E4E","expansion_state":0,"options":{"engine":"r","label":"unnamed-chunk-159"},"row":127,"row_count":1,"visible":true},{"chunk_id":"c2m4an42vqa9l","chunk_label":"unnamed-chunk-12","document_id":"6C9B4E4E","expansion_state":0,"options":{"engine":"r","label":"unnamed-chunk-125"},"row":136,"row_count":1,"visible":true},{"chunk_id":"cfqaljij5fs4b","chunk_label":"unnamed-chunk-13","document_id":"6C9B4E4E","expansion_state":0,"options":{"engine":"r","label":"unnamed-chunk-177"},"row":149,"row_count":1,"visible":true}],"chunk_rendered_width":700,"doc_write_time":1581583201}