{"chunk_definitions":[{"chunk_id":"c2j39pdxi6qa5","chunk_label":"unnamed-chunk-1","document_id":"6C9B4E4E","expansion_state":0,"options":{"engine":"r","label":"unnamed-chunk-149","warning":false},"row":16,"row_count":1,"visible":true},{"chunk_id":"czvrk8i0moc2j","chunk_label":"unnamed-chunk-2","document_id":"6C9B4E4E","expansion_state":0,"options":{"engine":"r","label":"unnamed-chunk-301"},"row":45,"row_count":1,"visible":true},{"chunk_id":"cw9pjdrlueoej","chunk_label":"unnamed-chunk-5","document_id":"6C9B4E4E","expansion_state":0,"options":{"engine":"r","label":"unnamed-chunk-66"},"row":68,"row_count":1,"visible":true},{"chunk_id":"cx6838dsr50y9","chunk_label":"unnamed-chunk-6","document_id":"6C9B4E4E","expansion_state":0,"options":{"engine":"r","label":"unnamed-chunk-105"},"row":85,"row_count":1,"visible":true},{"chunk_id":"cwrxrl0o6bewz","chunk_label":"unnamed-chunk-7","document_id":"6C9B4E4E","expansion_state":0,"options":{"engine":"r","label":"unnamed-chunk-256"},"row":97,"row_count":1,"visible":true},{"chunk_id":"cfqaljij5fs4b","chunk_label":"unnamed-chunk-13","document_id":"6C9B4E4E","expansion_state":0,"options":{"engine":"r","label":"unnamed-chunk-174"},"row":163,"row_count":1,"visible":true},{"chunk_id":"chdkta03j5twa","chunk_label":"unnamed-chunk-14","document_id":"6C9B4E4E","expansion_state":0,"options":{"engine":"r","label":"unnamed-chunk-189"},"row":196,"row_count":1,"visible":true},{"chunk_id":"c92arbfk5a1ii","chunk_label":"unnamed-chunk-15","document_id":"6C9B4E4E","expansion_state":0,"options":{"engine":"r","label":"unnamed-chunk-302"},"row":207,"row_count":1,"visible":true},{"chunk_id":"canpwe238xu7p","chunk_label":"unnamed-chunk-16","document_id":"6C9B4E4E","expansion_state":0,"options":{"engine":"r","label":"unnamed-chunk-283"},"row":216,"row_count":1,"visible":true},{"chunk_id":"cqxm16939bm5a","chunk_label":"unnamed-chunk-17","document_id":"6C9B4E4E","expansion_state":0,"options":{"engine":"r","label":"unnamed-chunk-239"},"row":244,"row_count":1,"visible":true},{"chunk_id":"c0t7zrfp1wht3","chunk_label":"unnamed-chunk-18","document_id":"6C9B4E4E","expansion_state":0,"options":{"engine":"r","label":"unnamed-chunk-300"},"row":274,"row_count":1,"visible":true}],"chunk_rendered_width":695,"doc_write_time":1582811308}