{"chunk_definitions":[{"chunk_id":"c6gim6bz9n679","chunk_label":"unnamed-chunk-1","document_id":"D3AC7B0A","expansion_state":0,"options":{"engine":"r","label":"unnamed-chunk-63","message":false,"warning":false},"row":14,"row_count":1,"visible":true},{"chunk_id":"cj6a3p3f3lbrx","chunk_label":"unnamed-chunk-2","document_id":"D3AC7B0A","expansion_state":0,"options":{"engine":"r","label":"unnamed-chunk-9"},"row":20,"row_count":1,"visible":true},{"chunk_id":"coxj2fgwegav5","chunk_label":"unnamed-chunk-3","document_id":"D3AC7B0A","expansion_state":0,"options":{"engine":"r","label":"unnamed-chunk-131"},"row":82,"row_count":1,"visible":true},{"chunk_id":"cxsljquqiu72f","chunk_label":"unnamed-chunk-4","document_id":"D3AC7B0A","expansion_state":0,"options":{"engine":"r","label":"unnamed-chunk-136"},"row":90,"row_count":1,"visible":true},{"chunk_id":"cyomc3txc3cbc","chunk_label":"unnamed-chunk-5","document_id":"D3AC7B0A","expansion_state":0,"options":{"engine":"r","label":"unnamed-chunk-150"},"row":193,"row_count":1,"visible":true},{"chunk_id":"czqxgjo60p5kf","chunk_label":"unnamed-chunk-6","document_id":"D3AC7B0A","expansion_state":0,"options":{"engine":"r","label":"unnamed-chunk-151"},"row":201,"row_count":1,"visible":true},{"chunk_id":"cb6g2s9znwwki","chunk_label":"unnamed-chunk-7","document_id":"D3AC7B0A","expansion_state":0,"options":{"engine":"r","label":"unnamed-chunk-115"},"row":256,"row_count":1,"visible":true},{"chunk_id":"cy2dipkkokn42","chunk_label":"unnamed-chunk-8","document_id":"D3AC7B0A","expansion_state":0,"options":{"engine":"r","label":"unnamed-chunk-39"},"row":273,"row_count":1,"visible":true}],"doc_write_time":1582293345}