{"chunk_definitions":[{"chunk_id":"cw9pjdrlueoej","chunk_label":"unnamed-chunk-5","document_id":"6C9B4E4E","expansion_state":0,"options":{"engine":"r","label":"unnamed-chunk-66"},"row":74,"row_count":1,"visible":true},{"chunk_id":"cx6838dsr50y9","chunk_label":"unnamed-chunk-6","document_id":"6C9B4E4E","expansion_state":0,"options":{"engine":"r","label":"unnamed-chunk-16"},"row":91,"row_count":1,"visible":true},{"chunk_id":"cfrhtrd1b611z","chunk_label":"unnamed-chunk-7","document_id":"6C9B4E4E","expansion_state":0,"options":{"engine":"r","label":"unnamed-chunk-48"},"row":101,"row_count":1,"visible":true},{"chunk_id":"crpzwzy17vqxx","chunk_label":"unnamed-chunk-8","document_id":"6C9B4E4E","expansion_state":0,"options":{"engine":"r","label":"unnamed-chunk-118"},"row":107,"row_count":1,"visible":true},{"chunk_id":"ckhj7qr0fw3rg","chunk_label":"unnamed-chunk-10","document_id":"6C9B4E4E","expansion_state":0,"options":{"engine":"r","label":"unnamed-chunk-98"},"row":127,"row_count":1,"visible":true},{"chunk_id":"cx3zt2xud3iw8","chunk_label":"unnamed-chunk-11","document_id":"6C9B4E4E","expansion_state":0,"options":{"engine":"r","label":"unnamed-chunk-159"},"row":141,"row_count":1,"visible":true},{"chunk_id":"c2m4an42vqa9l","chunk_label":"unnamed-chunk-12","document_id":"6C9B4E4E","expansion_state":0,"options":{"engine":"r","label":"unnamed-chunk-125"},"row":150,"row_count":1,"visible":true},{"chunk_id":"cfqaljij5fs4b","chunk_label":"unnamed-chunk-13","document_id":"6C9B4E4E","expansion_state":0,"options":{"engine":"r","label":"unnamed-chunk-177"},"row":163,"row_count":1,"visible":true}],"doc_write_time":1582275261}