{"chunk_definitions":[{"chunk_id":"c6gim6bz9n679","chunk_label":"unnamed-chunk-1","document_id":"D3AC7B0A","expansion_state":0,"options":{"engine":"r","label":"unnamed-chunk-14","message":false,"warning":false},"row":14,"row_count":1,"visible":true},{"chunk_id":"cj6a3p3f3lbrx","chunk_label":"unnamed-chunk-2","document_id":"D3AC7B0A","expansion_state":0,"options":{"engine":"r","label":"unnamed-chunk-15"},"row":20,"row_count":1,"visible":true},{"chunk_id":"coxj2fgwegav5","chunk_label":"unnamed-chunk-3","document_id":"D3AC7B0A","expansion_state":0,"options":{"engine":"r","label":"unnamed-chunk-16"},"row":80,"row_count":1,"visible":true},{"chunk_id":"c1hmkhemymppe","chunk_label":"unnamed-chunk-4","document_id":"D3AC7B0A","expansion_state":0,"options":{"engine":"r","label":"unnamed-chunk-17"},"row":86,"row_count":1,"visible":true},{"chunk_id":"cmhi2cp6wzn15","chunk_label":"unnamed-chunk-5","document_id":"D3AC7B0A","expansion_state":0,"options":{"engine":"r","label":"unnamed-chunk-13"},"row":101,"row_count":1,"visible":true},{"chunk_id":"cosh7fwfewhug","chunk_label":"unnamed-chunk-6","document_id":"D3AC7B0A","expansion_state":0,"options":{"engine":"r","label":"unnamed-chunk-49"},"row":183,"row_count":1,"visible":true},{"chunk_id":"cp559zygaxs96","chunk_label":"unnamed-chunk-7","document_id":"D3AC7B0A","expansion_state":0,"options":{"engine":"r","label":"unnamed-chunk-50"},"row":191,"row_count":1,"visible":true}],"doc_write_time":1581587321}