"0","mi_cv <- function(baseline.model, data, split, ...){"
"0","  "
"0","  # Adding a column to the dataset to allow a train-validation split:"
"0","  data <- data %>% "
"0","    mutate(split = rep(c(""train"", ""test""),"
"0","                       times = c(round(split * nrow(data)), round((1 - split) * nrow(data)))))"
"0","  "
"0","  # Making a separate training set:"
"0","  train <- data %>%"
"0","    filter(split == ""train"") %>% "
"0","    select(-split)"
"0","  "
"0","  test <- data %>%"
"0","    filter(split == ""test"") %>% "
"0","    select(-split)"
"0","  "
"0","  # Saving baseline model as model:"
"0","  model <- baseline.model"
"0","  "
"0","  ## Fitting the baseline model to the training set:"
"0","  fit.train <- lavaan::cfa(model, train, ...)"
"0","  "
"0","  # Obtaining MI values according to the training set:"
"0","  MIs <- lavaan::modindices(fit.train)"
"0","  "
"0","  # Wrangling the MIs:"
"0","  MIs <- MIs %>%"
"0","    arrange(-mi) %>% "
"0","    select(lhs, op, rhs, mi)"
"0","  "
"0","  # Specifying a modification to be added to the model:"
"0","  mod <- paste(MIs[1, 1], MIs[1, 2], MIs[1, 3], sep = "" "")"
"0","  "
"0","  ## Fitting the baseline model to the test set:"
"0","  fit.test.1 <- lavaan::cfa(model, test, ...)"
"0","  "
"0","  # Creating chisq.diff object: ???????????????????????????????????????????"
"0","  sign <- 0"
"0","  # chisq.diff <- list(`Pr(>Chisq)` = 0)"
"0","  "
"0","  ###################"
"0","  # WHILE FUNCTTION #"
"0","  ###################"
"0","  while(sign == 0){"
"0","    "
"0","    # Extracting a modification to be added to the model:"
"0","    mod <- paste(MIs[1, 1], MIs[1, 2], MIs[1, 3], sep = "" "")"
"0","    "
"0","    # Adding modification to the model:"
"0","    model <- paste(model, mod, sep = ""\n"")"
"0","    "
"0","    # Fitting the model to the test set:"
"0","    fit.test.2 <- lavaan::cfa(model, test)"
"0","    "
"0","    # Checking the chisq.diff in the test set:"
"0","    chisq.diff <- lavaan::lavTestLRT(fit.test.1, fit.test.2)"
"0","    "
"0","    # If function to update sign:"
"0","    ifelse(chisq.diff$`Pr(>Chisq)` < .8,"
"0","           sign <- 0,"
"0","           sign <- 1)"
"0","    "
"0","    # chisq.diff <- chisq.diff$`Pr(>Chisq)`"
"0","    "
"0","    # Fitting the model to the train set:"
"0","    fit.train <- lavaan::cfa(model, train)"
"0","    "
"0","    # Obtaining new MI values:"
"0","    MIs <- lavaan::modindices(fit.train)"
"0","    "
"0","    # Wrangling the MIs"
"0","    MIs <- MIs %>%"
"0","      arrange(-mi) %>% "
"0","      select(lhs, op, rhs, mi)"
"0","    "
"0","    # Print the final model"
"0","    print(model)"
"0","    "
"0","  }"
"0","  "
"0","}"
