"0","mi_cv_kfold <- function(baseline.model, data, k = 5){"
"0","  "
"0","  # Saving the baseline.model as model:"
"0","  model <- baseline.model"
"0","  "
"0","## Setting up the dataset to be split into k folds:"
"0","  "
"0","    # Adding a column with assignment for each observation:"
"0","    n.obs      <- nrow(data)"
"0","    select.vec <- rep(1:k, length.out = n.obs)"
"0","    data.split <- data %>% mutate(fold = sample(select.vec))"
"0","    "
"0","    # Create output vector for in the validation set:"
"0","    fit.valids <- rep(0, k)"
"0","  ############"
"0","  # FOR LOOP #"
"0","  ############"
"0","        "
"0","## Fitting the data to a the different training sets:"
"0","  for (i in 1:k) {"
"0","    "
"0","    # Splitting the data in train and validation set"
"0","    train <- data.split %>% filter(fold != i)"
"0","    valid <- data.split %>% filter(fold == i)"
"0","    "
"0","    # Fitting the baseline model on the training set:"
"0","    fit.train.i <- lavaan::cfa(model, train)"
"0","    "
"0","    # Finding which modification to add based on the training portion:"
"0","    MIs <- lavaan::modindices(fit.train.i)"
"0","    "
"0","      # Wrangling the MIs:"
"0","      MIs <- MIs %>% arrange(-mi) %>% select(lhs, op, rhs, mi)"
"0","      "
"0","    # Specifying a modification to be added to the model:"
"0","    mod <- paste(MIs[1, 1], MIs[1, 2], MIs[1, 3], sep = "" "")"
"0","    "
"0","    # Fitting the baseline model to the validation set:"
"0","    fit.valid.1.i <- lavaan::cfa(model, valid)"
"0","    "
"0","    # Adding a modification to the model:"
"0","    mod.model <- paste(model, mod, sep = ""\n"")"
"0","    "
"0","    # Find the fit of the modified model on the validation set:"
"0","    fit.valid.2.i <- lavaan::cfa(mod.model, valid)"
"0","    "
"0","    # Seeing whether this improves the fit:"
"0","    chisq.diff.i <- lavaan::lavTestLRT(fit.valid.1.i, fit.valid.2.i)"
"0","    "
"0","    # Assigning whether fit is significantly better or not:"
"0","    # ifelse(chisq.diff.i$`Pr(>Chisq)`[2] < .05, sign <- 1, sign <- 0)"
"0","    "
"0","    # Finding the mean p-value:"
"0","    mean.chisq.diff <- mean(chisq.diff.i)"
"0","    "
"0","    # Creating chisq.diff object:"
"0","    # mean.chisq.diff <- list(`Pr(>Chisq)` = 0)"
"0","    "
"0","  ###################"
"0","  # WHILE FUNCTTION #"
"0","  ###################"
"0","  while (mean.chisq.diff$`Pr(>Chisq)` < .05) {"
"0","    "
"0","    # Extracting a modification to be added to the model:"
"0","    mod <- paste(MIs[1, 1], MIs[1, 2], MIs[1, 3], sep = "" "")"
"0","    "
"0","    # Adding a modification to the model:"
"0","    model <- paste(model, mod, sep = ""\n"")"
"0","    "
"0","    # Fitting the model to the validation set:"
"0","    fit.valid.2.i <- lavaan::cfa(model, valid)"
"0","    "
"0","    # Obtaining chisq.diffs and finding the mean:"
"0","    fit.valids[i] <- lavaan::lavTestLRT(fit.valid.1.i, fit.valid.2.i)"
"0","    mean.chisq.diff <- mean(fit.valids[i])"
"0","    "
"0","    # Fitting the model to the training set:"
"0","    fit.train <- lavaan::cfa(model, train)"
"0","    "
"0","    # Obtaining new MI values:"
"0","    MIs <- lavaan::modindices(fit.train)"
"0","    "
"0","      # Wrangling the MIs:"
"0","      MIs <- MIs %>% arrange(-mi) %>% select(lhs, op, rhs, mi)"
"0","      "
"0","    # Print the final model:"
"0","    print(model)"
"0","    "
"0","  } "
"0","  "
"0","    "
"0","    # # Adding the modification to the model:"
"0","    # model <- paste(model, mod, sep = ""\n"")"
"0","    # "
"0","    # # Fitting the modified model on the valid set:"
"0","    # fit_valid_2 <- lavaan::cfa(model, valid)"
"0","    # "
"0","    # # Checking the chisq.diff in the validation set:"
"0","    # chisq.diff[i] <- lavaan::lavTestLRT(fit_valid_1_i, fit_valid_2)"
"0","    # "
"0","    # # Getting a mean of the chisq.diff's"
"0","    # mean.chisq.diff <- mean(chisq.diff[i])"
"0","    "
"0","    # # Calculate the model fit in the validation set:"
"0","    # fit_measures_valids <- lavaan::fitmeasures(fit_valid, c(""chisq"", ""df"", ""pvalue""))"
"0","    # "
"0","    # # Find the average of the fits in the validation sets:"
"0","    # fit_valids[i] <- mean(fit_measures_valids)"
"0","    # "
"0","    # #Print the final model:"
"0","    # print(model)"
"0","    "
"0","  }"
"0","    "
"0","  # return()"
"0","    "
"0","}"
